1995,1,1,0,New Year's Day
1995,2,13,1,Family Day
1995,2,20,1,Louis Riel Day
1995,2,20,1,Islander Day
1995,2,20,1,Family Day
1995,2,20,1,Heritage Day
1995,3,17,5,Saint Patrick's Day
1995,4,14,5,Good Friday
1995,4,17,1,Easter Monday
1995,4,23,0,Saint George's Day
1995,5,22,1,National Patriots' Day
1995,5,22,1,Victoria Day
1995,6,21,3,National Aboriginal Day
1995,6,24,6,Discovery Day
1995,7,1,6,Canada Day
1995,7,12,3,Orangemen's Day
1995,8,7,1,Civic Holiday
1995,8,7,1,Heritage Day
1995,8,7,1,New Brunswick Day
1995,8,7,1,Natal Day
1995,8,21,1,Gold Cup Parade Day
1995,8,21,1,Discovery Day
1995,9,4,1,Labour Day
1995,10,9,1,Thanksgiving
1995,11,11,6,Armistice Day
1995,11,11,6,Remembrance Day
1995,12,25,1,Christmas Day
1995,12,26,2,St. Stephen's Day
1996,1,1,1,New Year's Day
1996,2,12,1,Family Day
1996,2,19,1,Louis Riel Day
1996,2,19,1,Islander Day
1996,2,19,1,Family Day
1996,2,19,1,Heritage Day
1996,3,17,0,Saint Patrick's Day
1996,4,5,5,Good Friday
1996,4,8,1,Easter Monday
1996,4,23,2,Saint George's Day
1996,5,20,1,National Patriots' Day
1996,5,20,1,Victoria Day
1996,6,21,5,National Aboriginal Day
1996,6,24,1,Discovery Day
1996,7,1,1,Canada Day
1996,7,12,5,Orangemen's Day
1996,8,5,1,Civic Holiday
1996,8,5,1,Heritage Day
1996,8,5,1,New Brunswick Day
1996,8,5,1,Natal Day
1996,8,19,1,Gold Cup Parade Day
1996,8,19,1,Discovery Day
1996,9,2,1,Labour Day
1996,10,14,1,Thanksgiving
1996,11,11,1,Armistice Day
1996,11,11,1,Remembrance Day
1996,12,25,3,Christmas Day
1996,12,26,4,St. Stephen's Day
1997,1,1,3,New Year's Day
1997,2,10,1,Family Day
1997,2,17,1,Louis Riel Day
1997,2,17,1,Islander Day
1997,2,17,1,Family Day
1997,2,17,1,Heritage Day
1997,3,17,1,Saint Patrick's Day
1997,3,28,5,Good Friday
1997,3,31,1,Easter Monday
1997,4,23,3,Saint George's Day
1997,5,19,1,National Patriots' Day
1997,5,19,1,Victoria Day
1997,6,21,6,National Aboriginal Day
1997,6,24,2,Discovery Day
1997,7,1,2,Canada Day
1997,7,12,6,Orangemen's Day
1997,8,4,1,Civic Holiday
1997,8,4,1,Heritage Day
1997,8,4,1,New Brunswick Day
1997,8,4,1,Natal Day
1997,8,18,1,Gold Cup Parade Day
1997,8,18,1,Discovery Day
1997,9,1,1,Labour Day
1997,10,13,1,Thanksgiving
1997,11,11,2,Armistice Day
1997,11,11,2,Remembrance Day
1997,12,25,4,Christmas Day
1997,12,26,5,St. Stephen's Day
1998,1,1,4,New Year's Day
1998,2,9,1,Family Day
1998,2,16,1,Louis Riel Day
1998,2,16,1,Islander Day
1998,2,16,1,Family Day
1998,2,16,1,Heritage Day
1998,3,17,2,Saint Patrick's Day
1998,4,10,5,Good Friday
1998,4,13,1,Easter Monday
1998,4,23,4,Saint George's Day
1998,5,18,1,National Patriots' Day
1998,5,18,1,Victoria Day
1998,6,21,0,National Aboriginal Day
1998,6,24,3,Discovery Day
1998,7,1,3,Canada Day
1998,7,12,0,Orangemen's Day
1998,8,3,1,Civic Holiday
1998,8,3,1,Heritage Day
1998,8,3,1,New Brunswick Day
1998,8,3,1,Natal Day
1998,8,17,1,Gold Cup Parade Day
1998,8,17,1,Discovery Day
1998,9,7,1,Labour Day
1998,10,12,1,Thanksgiving
1998,11,11,3,Armistice Day
1998,11,11,3,Remembrance Day
1998,12,25,5,Christmas Day
1998,12,26,6,St. Stephen's Day
1999,1,1,5,New Year's Day
1999,2,8,1,Family Day
1999,2,15,1,Louis Riel Day
1999,2,15,1,Islander Day
1999,2,15,1,Family Day
1999,2,15,1,Heritage Day
1999,3,17,3,Saint Patrick's Day
1999,4,2,5,Good Friday
1999,4,5,1,Easter Monday
1999,4,23,5,Saint George's Day
1999,5,24,1,National Patriots' Day
1999,5,24,1,Victoria Day
1999,6,21,1,National Aboriginal Day
1999,6,24,4,Discovery Day
1999,7,1,4,Canada Day
1999,7,12,1,Orangemen's Day
1999,8,2,1,Civic Holiday
1999,8,2,1,Heritage Day
1999,8,2,1,New Brunswick Day
1999,8,2,1,Natal Day
1999,8,16,1,Gold Cup Parade Day
1999,8,16,1,Discovery Day
1999,9,6,1,Labour Day
1999,10,11,1,Thanksgiving
1999,11,11,4,Armistice Day
1999,11,11,4,Remembrance Day
1999,12,25,6,Christmas Day
1999,12,26,0,St. Stephen's Day
2000,1,1,6,New Year's Day
2000,2,14,1,Family Day
2000,2,21,1,Louis Riel Day
2000,2,21,1,Islander Day
2000,2,21,1,Family Day
2000,2,21,1,Heritage Day
2000,3,17,5,Saint Patrick's Day
2000,4,21,5,Good Friday
2000,4,23,0,Saint George's Day
2000,4,24,1,Easter Monday
2000,5,22,1,National Patriots' Day
2000,5,22,1,Victoria Day
2000,6,21,3,National Aboriginal Day
2000,6,24,6,Discovery Day
2000,7,1,6,Canada Day
2000,7,12,3,Orangemen's Day
2000,8,7,1,Civic Holiday
2000,8,7,1,Heritage Day
2000,8,7,1,New Brunswick Day
2000,8,7,1,Natal Day
2000,8,21,1,Gold Cup Parade Day
2000,8,21,1,Discovery Day
2000,9,4,1,Labour Day
2000,10,9,1,Thanksgiving
2000,11,11,6,Armistice Day
2000,11,11,6,Remembrance Day
2000,12,25,1,Christmas Day
2000,12,26,2,St. Stephen's Day
2001,1,1,1,New Year's Day
2001,2,12,1,Family Day
2001,2,19,1,Louis Riel Day
2001,2,19,1,Islander Day
2001,2,19,1,Family Day
2001,2,19,1,Heritage Day
2001,3,17,6,Saint Patrick's Day
2001,4,13,5,Good Friday
2001,4,16,1,Easter Monday
2001,4,23,1,Saint George's Day
2001,5,21,1,National Patriots' Day
2001,5,21,1,Victoria Day
2001,6,21,4,National Aboriginal Day
2001,6,24,0,Discovery Day
2001,7,1,0,Canada Day
2001,7,12,4,Orangemen's Day
2001,8,6,1,Civic Holiday
2001,8,6,1,Heritage Day
2001,8,6,1,New Brunswick Day
2001,8,6,1,Natal Day
2001,8,20,1,Gold Cup Parade Day
2001,8,20,1,Discovery Day
2001,9,3,1,Labour Day
2001,10,8,1,Thanksgiving
2001,11,11,0,Armistice Day
2001,11,11,0,Remembrance Day
2001,12,25,2,Christmas Day
2001,12,26,3,St. Stephen's Day
2002,1,1,2,New Year's Day
2002,2,11,1,Family Day
2002,2,18,1,Louis Riel Day
2002,2,18,1,Islander Day
2002,2,18,1,Family Day
2002,2,18,1,Heritage Day
2002,3,17,0,Saint Patrick's Day
2002,3,29,5,Good Friday
2002,4,1,1,Easter Monday
2002,4,23,2,Saint George's Day
2002,5,20,1,National Patriots' Day
2002,5,20,1,Victoria Day
2002,6,21,5,National Aboriginal Day
2002,6,24,1,Discovery Day
2002,7,1,1,Canada Day
2002,7,12,5,Orangemen's Day
2002,8,5,1,Civic Holiday
2002,8,5,1,Heritage Day
2002,8,5,1,New Brunswick Day
2002,8,5,1,Natal Day
2002,8,19,1,Gold Cup Parade Day
2002,8,19,1,Discovery Day
2002,9,2,1,Labour Day
2002,10,14,1,Thanksgiving
2002,11,11,1,Armistice Day
2002,11,11,1,Remembrance Day
2002,12,25,3,Christmas Day
2002,12,26,4,St. Stephen's Day
2003,1,1,3,New Year's Day
2003,2,10,1,Family Day
2003,2,17,1,Louis Riel Day
2003,2,17,1,Islander Day
2003,2,17,1,Family Day
2003,2,17,1,Heritage Day
2003,3,17,1,Saint Patrick's Day
2003,4,18,5,Good Friday
2003,4,21,1,Easter Monday
2003,4,23,3,Saint George's Day
2003,5,19,1,National Patriots' Day
2003,5,19,1,Victoria Day
2003,6,21,6,National Aboriginal Day
2003,6,24,2,Discovery Day
2003,7,1,2,Canada Day
2003,7,12,6,Orangemen's Day
2003,8,4,1,Civic Holiday
2003,8,4,1,Heritage Day
2003,8,4,1,New Brunswick Day
2003,8,4,1,Natal Day
2003,8,18,1,Gold Cup Parade Day
2003,8,18,1,Discovery Day
2003,9,1,1,Labour Day
2003,10,13,1,Thanksgiving
2003,11,11,2,Armistice Day
2003,11,11,2,Remembrance Day
2003,12,25,4,Christmas Day
2003,12,26,5,St. Stephen's Day
2004,1,1,4,New Year's Day
2004,2,9,1,Family Day
2004,2,16,1,Louis Riel Day
2004,2,16,1,Islander Day
2004,2,16,1,Family Day
2004,2,16,1,Heritage Day
2004,3,17,3,Saint Patrick's Day
2004,4,9,5,Good Friday
2004,4,12,1,Easter Monday
2004,4,23,5,Saint George's Day
2004,5,24,1,National Patriots' Day
2004,5,24,1,Victoria Day
2004,6,21,1,National Aboriginal Day
2004,6,24,4,Discovery Day
2004,7,1,4,Canada Day
2004,7,12,1,Orangemen's Day
2004,8,2,1,Civic Holiday
2004,8,2,1,Heritage Day
2004,8,2,1,New Brunswick Day
2004,8,2,1,Natal Day
2004,8,16,1,Gold Cup Parade Day
2004,8,16,1,Discovery Day
2004,9,6,1,Labour Day
2004,10,11,1,Thanksgiving
2004,11,11,4,Armistice Day
2004,11,11,4,Remembrance Day
2004,12,25,6,Christmas Day
2004,12,26,0,St. Stephen's Day
2005,1,1,6,New Year's Day
2005,2,14,1,Family Day
2005,2,21,1,Louis Riel Day
2005,2,21,1,Islander Day
2005,2,21,1,Family Day
2005,2,21,1,Heritage Day
2005,3,17,4,Saint Patrick's Day
2005,3,25,5,Good Friday
2005,3,28,1,Easter Monday
2005,4,23,6,Saint George's Day
2005,5,23,1,National Patriots' Day
2005,5,23,1,Victoria Day
2005,6,21,2,National Aboriginal Day
2005,6,24,5,Discovery Day
2005,7,1,5,Canada Day
2005,7,12,2,Orangemen's Day
2005,8,1,1,Civic Holiday
2005,8,1,1,Heritage Day
2005,8,1,1,New Brunswick Day
2005,8,1,1,Natal Day
2005,8,15,1,Gold Cup Parade Day
2005,8,15,1,Discovery Day
2005,9,5,1,Labour Day
2005,10,10,1,Thanksgiving
2005,11,11,5,Armistice Day
2005,11,11,5,Remembrance Day
2005,12,25,0,Christmas Day
2005,12,26,1,St. Stephen's Day
2006,1,1,0,New Year's Day
2006,2,13,1,Family Day
2006,2,20,1,Louis Riel Day
2006,2,20,1,Islander Day
2006,2,20,1,Family Day
2006,2,20,1,Heritage Day
2006,3,17,5,Saint Patrick's Day
2006,4,14,5,Good Friday
2006,4,17,1,Easter Monday
2006,4,23,0,Saint George's Day
2006,5,22,1,National Patriots' Day
2006,5,22,1,Victoria Day
2006,6,21,3,National Aboriginal Day
2006,6,24,6,Discovery Day
2006,7,1,6,Canada Day
2006,7,12,3,Orangemen's Day
2006,8,7,1,Civic Holiday
2006,8,7,1,Heritage Day
2006,8,7,1,New Brunswick Day
2006,8,7,1,Natal Day
2006,8,21,1,Gold Cup Parade Day
2006,8,21,1,Discovery Day
2006,9,4,1,Labour Day
2006,10,9,1,Thanksgiving
2006,11,11,6,Armistice Day
2006,11,11,6,Remembrance Day
2006,12,25,1,Christmas Day
2006,12,26,2,St. Stephen's Day
2007,1,1,1,New Year's Day
2007,2,12,1,Family Day
2007,2,19,1,Louis Riel Day
2007,2,19,1,Islander Day
2007,2,19,1,Family Day
2007,2,19,1,Heritage Day
2007,3,17,6,Saint Patrick's Day
2007,4,6,5,Good Friday
2007,4,9,1,Easter Monday
2007,4,23,1,Saint George's Day
2007,5,21,1,National Patriots' Day
2007,5,21,1,Victoria Day
2007,6,21,4,National Aboriginal Day
2007,6,24,0,Discovery Day
2007,7,1,0,Canada Day
2007,7,12,4,Orangemen's Day
2007,8,6,1,Civic Holiday
2007,8,6,1,Heritage Day
2007,8,6,1,New Brunswick Day
2007,8,6,1,Natal Day
2007,8,20,1,Gold Cup Parade Day
2007,8,20,1,Discovery Day
2007,9,3,1,Labour Day
2007,10,8,1,Thanksgiving
2007,11,11,0,Armistice Day
2007,11,11,0,Remembrance Day
2007,12,25,2,Christmas Day
2007,12,26,3,St. Stephen's Day
2008,1,1,2,New Year's Day
2008,2,11,1,Family Day
2008,2,18,1,Louis Riel Day
2008,2,18,1,Islander Day
2008,2,18,1,Family Day
2008,2,18,1,Heritage Day
2008,3,17,1,Saint Patrick's Day
2008,3,21,5,Good Friday
2008,3,24,1,Easter Monday
2008,4,23,3,Saint George's Day
2008,5,19,1,National Patriots' Day
2008,5,19,1,Victoria Day
2008,6,21,6,National Aboriginal Day
2008,6,24,2,Discovery Day
2008,7,1,2,Canada Day
2008,7,12,6,Orangemen's Day
2008,8,4,1,Civic Holiday
2008,8,4,1,Heritage Day
2008,8,4,1,New Brunswick Day
2008,8,4,1,Natal Day
2008,8,18,1,Gold Cup Parade Day
2008,8,18,1,Discovery Day
2008,9,1,1,Labour Day
2008,10,13,1,Thanksgiving
2008,11,11,2,Armistice Day
2008,11,11,2,Remembrance Day
2008,12,25,4,Christmas Day
2008,12,26,5,St. Stephen's Day
2009,1,1,4,New Year's Day
2009,2,9,1,Family Day
2009,2,16,1,Louis Riel Day
2009,2,16,1,Islander Day
2009,2,16,1,Family Day
2009,2,16,1,Heritage Day
2009,3,17,2,Saint Patrick's Day
2009,4,10,5,Good Friday
2009,4,13,1,Easter Monday
2009,4,23,4,Saint George's Day
2009,5,18,1,National Patriots' Day
2009,5,18,1,Victoria Day
2009,6,21,0,National Aboriginal Day
2009,6,24,3,Discovery Day
2009,7,1,3,Canada Day
2009,7,12,0,Orangemen's Day
2009,8,3,1,Civic Holiday
2009,8,3,1,Heritage Day
2009,8,3,1,New Brunswick Day
2009,8,3,1,Natal Day
2009,8,17,1,Gold Cup Parade Day
2009,8,17,1,Discovery Day
2009,9,7,1,Labour Day
2009,10,12,1,Thanksgiving
2009,11,11,3,Armistice Day
2009,11,11,3,Remembrance Day
2009,12,25,5,Christmas Day
2009,12,26,6,St. Stephen's Day
2010,1,1,5,New Year's Day
2010,2,8,1,Family Day
2010,2,15,1,Louis Riel Day
2010,2,15,1,Islander Day
2010,2,15,1,Family Day
2010,2,15,1,Heritage Day
2010,3,17,3,Saint Patrick's Day
2010,4,2,5,Good Friday
2010,4,5,1,Easter Monday
2010,4,23,5,Saint George's Day
2010,5,24,1,National Patriots' Day
2010,5,24,1,Victoria Day
2010,6,21,1,National Aboriginal Day
2010,6,24,4,Discovery Day
2010,7,1,4,Canada Day
2010,7,12,1,Orangemen's Day
2010,8,2,1,Civic Holiday
2010,8,2,1,Heritage Day
2010,8,2,1,New Brunswick Day
2010,8,2,1,Natal Day
2010,8,16,1,Gold Cup Parade Day
2010,8,16,1,Discovery Day
2010,9,6,1,Labour Day
2010,10,11,1,Thanksgiving
2010,11,11,4,Armistice Day
2010,11,11,4,Remembrance Day
2010,12,25,6,Christmas Day
2010,12,26,0,St. Stephen's Day
2011,1,1,6,New Year's Day
2011,2,14,1,Family Day
2011,2,21,1,Louis Riel Day
2011,2,21,1,Islander Day
2011,2,21,1,Family Day
2011,2,21,1,Heritage Day
2011,3,17,4,Saint Patrick's Day
2011,4,22,5,Good Friday
2011,4,23,6,Saint George's Day
2011,4,25,1,Easter Monday
2011,5,23,1,National Patriots' Day
2011,5,23,1,Victoria Day
2011,6,21,2,National Aboriginal Day
2011,6,24,5,Discovery Day
2011,7,1,5,Canada Day
2011,7,12,2,Orangemen's Day
2011,8,1,1,Civic Holiday
2011,8,1,1,Heritage Day
2011,8,1,1,New Brunswick Day
2011,8,1,1,Natal Day
2011,8,15,1,Gold Cup Parade Day
2011,8,15,1,Discovery Day
2011,9,5,1,Labour Day
2011,10,10,1,Thanksgiving
2011,11,11,5,Armistice Day
2011,11,11,5,Remembrance Day
2011,12,25,0,Christmas Day
2011,12,26,1,St. Stephen's Day
2012,1,1,0,New Year's Day
2012,2,13,1,Family Day
2012,2,20,1,Louis Riel Day
2012,2,20,1,Islander Day
2012,2,20,1,Family Day
2012,2,20,1,Heritage Day
2012,3,17,6,Saint Patrick's Day
2012,4,6,5,Good Friday
2012,4,9,1,Easter Monday
2012,4,23,1,Saint George's Day
2012,5,21,1,National Patriots' Day
2012,5,21,1,Victoria Day
2012,6,21,4,National Aboriginal Day
2012,6,24,0,Discovery Day
2012,7,1,0,Canada Day
2012,7,12,4,Orangemen's Day
2012,8,6,1,Civic Holiday
2012,8,6,1,Heritage Day
2012,8,6,1,New Brunswick Day
2012,8,6,1,Natal Day
2012,8,20,1,Gold Cup Parade Day
2012,8,20,1,Discovery Day
2012,9,3,1,Labour Day
2012,10,8,1,Thanksgiving
2012,11,11,0,Armistice Day
2012,11,11,0,Remembrance Day
2012,12,25,2,Christmas Day
2012,12,26,3,St. Stephen's Day
2013,1,1,2,New Year's Day
2013,2,11,1,Family Day
2013,2,18,1,Louis Riel Day
2013,2,18,1,Islander Day
2013,2,18,1,Family Day
2013,2,18,1,Heritage Day
2013,3,17,0,Saint Patrick's Day
2013,3,29,5,Good Friday
2013,4,1,1,Easter Monday
2013,4,23,2,Saint George's Day
2013,5,20,1,National Patriots' Day
2013,5,20,1,Victoria Day
2013,6,21,5,National Aboriginal Day
2013,6,24,1,Discovery Day
2013,7,1,1,Canada Day
2013,7,12,5,Orangemen's Day
2013,8,5,1,Civic Holiday
2013,8,5,1,Heritage Day
2013,8,5,1,New Brunswick Day
2013,8,5,1,Natal Day
2013,8,19,1,Gold Cup Parade Day
2013,8,19,1,Discovery Day
2013,9,2,1,Labour Day
2013,10,14,1,Thanksgiving
2013,11,11,1,Armistice Day
2013,11,11,1,Remembrance Day
2013,12,25,3,Christmas Day
2013,12,26,4,St. Stephen's Day
2014,1,1,3,New Year's Day
2014,2,10,1,Family Day
2014,2,17,1,Louis Riel Day
2014,2,17,1,Islander Day
2014,2,17,1,Family Day
2014,2,17,1,Heritage Day
2014,3,17,1,Saint Patrick's Day
2014,4,18,5,Good Friday
2014,4,21,1,Easter Monday
2014,4,23,3,Saint George's Day
2014,5,19,1,National Patriots' Day
2014,5,19,1,Victoria Day
2014,6,21,6,National Aboriginal Day
2014,6,24,2,Discovery Day
2014,7,1,2,Canada Day
2014,7,12,6,Orangemen's Day
2014,8,4,1,Civic Holiday
2014,8,4,1,Heritage Day
2014,8,4,1,New Brunswick Day
2014,8,4,1,Natal Day
2014,8,18,1,Gold Cup Parade Day
2014,8,18,1,Discovery Day
2014,9,1,1,Labour Day
2014,10,13,1,Thanksgiving
2014,11,11,2,Armistice Day
2014,11,11,2,Remembrance Day
2014,12,25,4,Christmas Day
2014,12,26,5,St. Stephen's Day
2015,1,1,4,New Year's Day
2015,2,9,1,Family Day
2015,2,16,1,Louis Riel Day
2015,2,16,1,Islander Day
2015,2,16,1,Family Day
2015,2,16,1,Heritage Day
2015,3,17,2,Saint Patrick's Day
2015,4,3,5,Good Friday
2015,4,6,1,Easter Monday
2015,4,23,4,Saint George's Day
2015,5,18,1,National Patriots' Day
2015,5,18,1,Victoria Day
2015,6,21,0,National Aboriginal Day
2015,6,24,3,Discovery Day
2015,7,1,3,Canada Day
2015,7,12,0,Orangemen's Day
2015,8,3,1,Civic Holiday
2015,8,3,1,Heritage Day
2015,8,3,1,New Brunswick Day
2015,8,3,1,Natal Day
2015,8,17,1,Gold Cup Parade Day
2015,8,17,1,Discovery Day
2015,9,7,1,Labour Day
2015,10,12,1,Thanksgiving
2015,11,11,3,Armistice Day
2015,11,11,3,Remembrance Day
2015,12,25,5,Christmas Day
2015,12,26,6,St. Stephen's Day
2016,1,1,5,New Year's Day
2016,2,8,1,Family Day
2016,2,15,1,Louis Riel Day
2016,2,15,1,Islander Day
2016,2,15,1,Family Day
2016,2,15,1,Heritage Day
2016,3,17,4,Saint Patrick's Day
2016,3,25,5,Good Friday
2016,3,28,1,Easter Monday
2016,4,23,6,Saint George's Day
2016,5,23,1,National Patriots' Day
2016,5,23,1,Victoria Day
2016,6,21,2,National Aboriginal Day
2016,6,24,5,Discovery Day
2016,7,1,5,Canada Day
2016,7,12,2,Orangemen's Day
2016,8,1,1,Civic Holiday
2016,8,1,1,Heritage Day
2016,8,1,1,New Brunswick Day
2016,8,1,1,Natal Day
2016,8,15,1,Gold Cup Parade Day
2016,8,15,1,Discovery Day
2016,9,5,1,Labour Day
2016,10,10,1,Thanksgiving
2016,11,11,5,Armistice Day
2016,11,11,5,Remembrance Day
2016,12,25,0,Christmas Day
2016,12,26,1,St. Stephen's Day
2017,1,1,0,New Year's Day
2017,2,13,1,Family Day
2017,2,20,1,Louis Riel Day
2017,2,20,1,Islander Day
2017,2,20,1,Family Day
2017,2,20,1,Heritage Day
2017,3,17,5,Saint Patrick's Day
2017,4,14,5,Good Friday
2017,4,17,1,Easter Monday
2017,4,23,0,Saint George's Day
2017,5,22,1,National Patriots' Day
2017,5,22,1,Victoria Day
2017,6,21,3,National Aboriginal Day
2017,6,24,6,Discovery Day
2017,7,1,6,Canada Day
2017,7,12,3,Orangemen's Day
2017,8,7,1,Civic Holiday
2017,8,7,1,Heritage Day
2017,8,7,1,New Brunswick Day
2017,8,7,1,Natal Day
2017,8,21,1,Gold Cup Parade Day
2017,8,21,1,Discovery Day
2017,9,4,1,Labour Day
2017,10,9,1,Thanksgiving
2017,11,11,6,Armistice Day
2017,11,11,6,Remembrance Day
2017,12,25,1,Christmas Day
2017,12,26,2,St. Stephen's Day
2018,1,1,1,New Year's Day
2018,2,12,1,Family Day
2018,2,19,1,Louis Riel Day
2018,2,19,1,Islander Day
2018,2,19,1,Family Day
2018,2,19,1,Heritage Day
2018,3,17,6,Saint Patrick's Day
2018,3,30,5,Good Friday
2018,4,2,1,Easter Monday
2018,4,23,1,Saint George's Day
2018,5,21,1,National Patriots' Day
2018,5,21,1,Victoria Day
2018,6,21,4,National Aboriginal Day
2018,6,24,0,Discovery Day
2018,7,1,0,Canada Day
2018,7,12,4,Orangemen's Day
2018,8,6,1,Civic Holiday
2018,8,6,1,Heritage Day
2018,8,6,1,New Brunswick Day
2018,8,6,1,Natal Day
2018,8,20,1,Gold Cup Parade Day
2018,8,20,1,Discovery Day
2018,9,3,1,Labour Day
2018,10,8,1,Thanksgiving
2018,11,11,0,Armistice Day
2018,11,11,0,Remembrance Day
2018,12,25,2,Christmas Day
2018,12,26,3,St. Stephen's Day
2019,1,1,2,New Year's Day
2019,2,11,1,Family Day
2019,2,18,1,Louis Riel Day
2019,2,18,1,Islander Day
2019,2,18,1,Family Day
2019,2,18,1,Heritage Day
2019,3,17,0,Saint Patrick's Day
2019,4,19,5,Good Friday
2019,4,22,1,Easter Monday
2019,4,23,2,Saint George's Day
2019,5,20,1,National Patriots' Day
2019,5,20,1,Victoria Day
2019,6,21,5,National Aboriginal Day
2019,6,24,1,Discovery Day
2019,7,1,1,Canada Day
2019,7,12,5,Orangemen's Day
2019,8,5,1,Civic Holiday
2019,8,5,1,Heritage Day
2019,8,5,1,New Brunswick Day
2019,8,5,1,Natal Day
2019,8,19,1,Gold Cup Parade Day
2019,8,19,1,Discovery Day
2019,9,2,1,Labour Day
2019,10,14,1,Thanksgiving
2019,11,11,1,Armistice Day
2019,11,11,1,Remembrance Day
2019,12,25,3,Christmas Day
2019,12,26,4,St. Stephen's Day
2020,1,1,3,New Year's Day
2020,2,10,1,Family Day
2020,2,17,1,Louis Riel Day
2020,2,17,1,Islander Day
2020,2,17,1,Family Day
2020,2,17,1,Heritage Day
2020,3,17,2,Saint Patrick's Day
2020,4,10,5,Good Friday
2020,4,13,1,Easter Monday
2020,4,23,4,Saint George's Day
2020,5,18,1,National Patriots' Day
2020,5,18,1,Victoria Day
2020,6,21,0,National Aboriginal Day
2020,6,24,3,Discovery Day
2020,7,1,3,Canada Day
2020,7,12,0,Orangemen's Day
2020,8,3,1,Civic Holiday
2020,8,3,1,Heritage Day
2020,8,3,1,New Brunswick Day
2020,8,3,1,Natal Day
2020,8,17,1,Gold Cup Parade Day
2020,8,17,1,Discovery Day
2020,9,7,1,Labour Day
2020,10,12,1,Thanksgiving
2020,11,11,3,Armistice Day
2020,11,11,3,Remembrance Day
2020,12,25,5,Christmas Day
2020,12,26,6,St. Stephen's Day
2021,1,1,5,New Year's Day
2021,2,8,1,Family Day
2021,2,15,1,Louis Riel Day
2021,2,15,1,Islander Day
2021,2,15,1,Family Day
2021,2,15,1,Heritage Day
2021,3,17,3,Saint Patrick's Day
2021,4,2,5,Good Friday
2021,4,5,1,Easter Monday
2021,4,23,5,Saint George's Day
2021,5,24,1,National Patriots' Day
2021,5,24,1,Victoria Day
2021,6,21,1,National Aboriginal Day
2021,6,24,4,Discovery Day
2021,7,1,4,Canada Day
2021,7,12,1,Orangemen's Day
2021,8,2,1,Civic Holiday
2021,8,2,1,Heritage Day
2021,8,2,1,New Brunswick Day
2021,8,2,1,Natal Day
2021,8,16,1,Gold Cup Parade Day
2021,8,16,1,Discovery Day
2021,9,6,1,Labour Day
2021,10,11,1,Thanksgiving
2021,11,11,4,Armistice Day
2021,11,11,4,Remembrance Day
2021,12,25,6,Christmas Day
2021,12,26,0,St. Stephen's Day
2022,1,1,6,New Year's Day
2022,2,14,1,Family Day
2022,2,21,1,Louis Riel Day
2022,2,21,1,Islander Day
2022,2,21,1,Family Day
2022,2,21,1,Heritage Day
2022,3,17,4,Saint Patrick's Day
2022,4,15,5,Good Friday
2022,4,18,1,Easter Monday
2022,4,23,6,Saint George's Day
2022,5,23,1,National Patriots' Day
2022,5,23,1,Victoria Day
2022,6,21,2,National Aboriginal Day
2022,6,24,5,Discovery Day
2022,7,1,5,Canada Day
2022,7,12,2,Orangemen's Day
2022,8,1,1,Civic Holiday
2022,8,1,1,Heritage Day
2022,8,1,1,New Brunswick Day
2022,8,1,1,Natal Day
2022,8,15,1,Gold Cup Parade Day
2022,8,15,1,Discovery Day
2022,9,5,1,Labour Day
2022,10,10,1,Thanksgiving
2022,11,11,5,Armistice Day
2022,11,11,5,Remembrance Day
2022,12,25,0,Christmas Day
2022,12,26,1,St. Stephen's Day
2023,1,1,0,New Year's Day
2023,2,13,1,Family Day
2023,2,20,1,Louis Riel Day
2023,2,20,1,Islander Day
2023,2,20,1,Family Day
2023,2,20,1,Heritage Day
2023,3,17,5,Saint Patrick's Day
2023,4,7,5,Good Friday
2023,4,10,1,Easter Monday
2023,4,23,0,Saint George's Day
2023,5,22,1,National Patriots' Day
2023,5,22,1,Victoria Day
2023,6,21,3,National Aboriginal Day
2023,6,24,6,Discovery Day
2023,7,1,6,Canada Day
2023,7,12,3,Orangemen's Day
2023,8,7,1,Civic Holiday
2023,8,7,1,Heritage Day
2023,8,7,1,New Brunswick Day
2023,8,7,1,Natal Day
2023,8,21,1,Gold Cup Parade Day
2023,8,21,1,Discovery Day
2023,9,4,1,Labour Day
2023,10,9,1,Thanksgiving
2023,11,11,6,Armistice Day
2023,11,11,6,Remembrance Day
2023,12,25,1,Christmas Day
2023,12,26,2,St. Stephen's Day
2024,1,1,1,New Year's Day
2024,2,12,1,Family Day
2024,2,19,1,Louis Riel Day
2024,2,19,1,Islander Day
2024,2,19,1,Family Day
2024,2,19,1,Heritage Day
2024,3,17,0,Saint Patrick's Day
2024,3,29,5,Good Friday
2024,4,1,1,Easter Monday
2024,4,23,2,Saint George's Day
2024,5,20,1,National Patriots' Day
2024,5,20,1,Victoria Day
2024,6,21,5,National Aboriginal Day
2024,6,24,1,Discovery Day
2024,7,1,1,Canada Day
2024,7,12,5,Orangemen's Day
2024,8,5,1,Civic Holiday
2024,8,5,1,Heritage Day
2024,8,5,1,New Brunswick Day
2024,8,5,1,Natal Day
2024,8,19,1,Gold Cup Parade Day
2024,8,19,1,Discovery Day
2024,9,2,1,Labour Day
2024,10,14,1,Thanksgiving
2024,11,11,1,Armistice Day
2024,11,11,1,Remembrance Day
2024,12,25,3,Christmas Day
2024,12,26,4,St. Stephen's Day
2025,1,1,3,New Year's Day
2025,2,10,1,Family Day
2025,2,17,1,Louis Riel Day
2025,2,17,1,Islander Day
2025,2,17,1,Family Day
2025,2,17,1,Heritage Day
2025,3,17,1,Saint Patrick's Day
2025,4,18,5,Good Friday
2025,4,21,1,Easter Monday
2025,4,23,3,Saint George's Day
2025,5,19,1,National Patriots' Day
2025,5,19,1,Victoria Day
2025,6,21,6,National Aboriginal Day
2025,6,24,2,Discovery Day
2025,7,1,2,Canada Day
2025,7,12,6,Orangemen's Day
2025,8,4,1,Civic Holiday
2025,8,4,1,Heritage Day
2025,8,4,1,New Brunswick Day
2025,8,4,1,Natal Day
2025,8,18,1,Gold Cup Parade Day
2025,8,18,1,Discovery Day
2025,9,1,1,Labour Day
2025,10,13,1,Thanksgiving
2025,11,11,2,Armistice Day
2025,11,11,2,Remembrance Day
2025,12,25,4,Christmas Day
2025,12,26,5,St. Stephen's Day
2026,1,1,4,New Year's Day
2026,2,9,1,Family Day
2026,2,16,1,Louis Riel Day
2026,2,16,1,Islander Day
2026,2,16,1,Family Day
2026,2,16,1,Heritage Day
2026,3,17,2,Saint Patrick's Day
2026,4,3,5,Good Friday
2026,4,6,1,Easter Monday
2026,4,23,4,Saint George's Day
2026,5,18,1,National Patriots' Day
2026,5,18,1,Victoria Day
2026,6,21,0,National Aboriginal Day
2026,6,24,3,Discovery Day
2026,7,1,3,Canada Day
2026,7,12,0,Orangemen's Day
2026,8,3,1,Civic Holiday
2026,8,3,1,Heritage Day
2026,8,3,1,New Brunswick Day
2026,8,3,1,Natal Day
2026,8,17,1,Gold Cup Parade Day
2026,8,17,1,Discovery Day
2026,9,7,1,Labour Day
2026,10,12,1,Thanksgiving
2026,11,11,3,Armistice Day
2026,11,11,3,Remembrance Day
2026,12,25,5,Christmas Day
2026,12,26,6,St. Stephen's Day
2027,1,1,5,New Year's Day
2027,2,8,1,Family Day
2027,2,15,1,Louis Riel Day
2027,2,15,1,Islander Day
2027,2,15,1,Family Day
2027,2,15,1,Heritage Day
2027,3,17,3,Saint Patrick's Day
2027,3,26,5,Good Friday
2027,3,29,1,Easter Monday
2027,4,23,5,Saint George's Day
2027,5,24,1,National Patriots' Day
2027,5,24,1,Victoria Day
2027,6,21,1,National Aboriginal Day
2027,6,24,4,Discovery Day
2027,7,1,4,Canada Day
2027,7,12,1,Orangemen's Day
2027,8,2,1,Civic Holiday
2027,8,2,1,Heritage Day
2027,8,2,1,New Brunswick Day
2027,8,2,1,Natal Day
2027,8,16,1,Gold Cup Parade Day
2027,8,16,1,Discovery Day
2027,9,6,1,Labour Day
2027,10,11,1,Thanksgiving
2027,11,11,4,Armistice Day
2027,11,11,4,Remembrance Day
2027,12,25,6,Christmas Day
2027,12,26,0,St. Stephen's Day
2028,1,1,6,New Year's Day
2028,2,14,1,Family Day
2028,2,21,1,Louis Riel Day
2028,2,21,1,Islander Day
2028,2,21,1,Family Day
2028,2,21,1,Heritage Day
2028,3,17,5,Saint Patrick's Day
2028,4,14,5,Good Friday
2028,4,17,1,Easter Monday
2028,4,23,0,Saint George's Day
2028,5,22,1,National Patriots' Day
2028,5,22,1,Victoria Day
2028,6,21,3,National Aboriginal Day
2028,6,24,6,Discovery Day
2028,7,1,6,Canada Day
2028,7,12,3,Orangemen's Day
2028,8,7,1,Civic Holiday
2028,8,7,1,Heritage Day
2028,8,7,1,New Brunswick Day
2028,8,7,1,Natal Day
2028,8,21,1,Gold Cup Parade Day
2028,8,21,1,Discovery Day
2028,9,4,1,Labour Day
2028,10,9,1,Thanksgiving
2028,11,11,6,Armistice Day
2028,11,11,6,Remembrance Day
2028,12,25,1,Christmas Day
2028,12,26,2,St. Stephen's Day
2029,1,1,1,New Year's Day
2029,2,12,1,Family Day
2029,2,19,1,Louis Riel Day
2029,2,19,1,Islander Day
2029,2,19,1,Family Day
2029,2,19,1,Heritage Day
2029,3,17,6,Saint Patrick's Day
2029,3,30,5,Good Friday
2029,4,2,1,Easter Monday
2029,4,23,1,Saint George's Day
2029,5,21,1,National Patriots' Day
2029,5,21,1,Victoria Day
2029,6,21,4,National Aboriginal Day
2029,6,24,0,Discovery Day
2029,7,1,0,Canada Day
2029,7,12,4,Orangemen's Day
2029,8,6,1,Civic Holiday
2029,8,6,1,Heritage Day
2029,8,6,1,New Brunswick Day
2029,8,6,1,Natal Day
2029,8,20,1,Gold Cup Parade Day
2029,8,20,1,Discovery Day
2029,9,3,1,Labour Day
2029,10,8,1,Thanksgiving
2029,11,11,0,Armistice Day
2029,11,11,0,Remembrance Day
2029,12,25,2,Christmas Day
2029,12,26,3,St. Stephen's Day
2030,1,1,2,New Year's Day
2030,2,11,1,Family Day
2030,2,18,1,Louis Riel Day
2030,2,18,1,Islander Day
2030,2,18,1,Family Day
2030,2,18,1,Heritage Day
2030,3,17,0,Saint Patrick's Day
2030,4,19,5,Good Friday
2030,4,22,1,Easter Monday
2030,4,23,2,Saint George's Day
2030,5,20,1,National Patriots' Day
2030,5,20,1,Victoria Day
2030,6,21,5,National Aboriginal Day
2030,6,24,1,Discovery Day
2030,7,1,1,Canada Day
2030,7,12,5,Orangemen's Day
2030,8,5,1,Civic Holiday
2030,8,5,1,Heritage Day
2030,8,5,1,New Brunswick Day
2030,8,5,1,Natal Day
2030,8,19,1,Gold Cup Parade Day
2030,8,19,1,Discovery Day
2030,9,2,1,Labour Day
2030,10,14,1,Thanksgiving
2030,11,11,1,Armistice Day
2030,11,11,1,Remembrance Day
2030,12,25,3,Christmas Day
2030,12,26,4,St. Stephen's Day
2031,1,1,3,New Year's Day
2031,2,10,1,Family Day
2031,2,17,1,Louis Riel Day
2031,2,17,1,Islander Day
2031,2,17,1,Family Day
2031,2,17,1,Heritage Day
2031,3,17,1,Saint Patrick's Day
2031,4,11,5,Good Friday
2031,4,14,1,Easter Monday
2031,4,23,3,Saint George's Day
2031,5,19,1,National Patriots' Day
2031,5,19,1,Victoria Day
2031,6,21,6,National Aboriginal Day
2031,6,24,2,Discovery Day
2031,7,1,2,Canada Day
2031,7,12,6,Orangemen's Day
2031,8,4,1,Civic Holiday
2031,8,4,1,Heritage Day
2031,8,4,1,New Brunswick Day
2031,8,4,1,Natal Day
2031,8,18,1,Gold Cup Parade Day
2031,8,18,1,Discovery Day
2031,9,1,1,Labour Day
2031,10,13,1,Thanksgiving
2031,11,11,2,Armistice Day
2031,11,11,2,Remembrance Day
2031,12,25,4,Christmas Day
2031,12,26,5,St. Stephen's Day
2032,1,1,4,New Year's Day
2032,2,9,1,Family Day
2032,2,16,1,Louis Riel Day
2032,2,16,1,Islander Day
2032,2,16,1,Family Day
2032,2,16,1,Heritage Day
2032,3,17,3,Saint Patrick's Day
2032,3,26,5,Good Friday
2032,3,29,1,Easter Monday
2032,4,23,5,Saint George's Day
2032,5,24,1,National Patriots' Day
2032,5,24,1,Victoria Day
2032,6,21,1,National Aboriginal Day
2032,6,24,4,Discovery Day
2032,7,1,4,Canada Day
2032,7,12,1,Orangemen's Day
2032,8,2,1,Civic Holiday
2032,8,2,1,Heritage Day
2032,8,2,1,New Brunswick Day
2032,8,2,1,Natal Day
2032,8,16,1,Gold Cup Parade Day
2032,8,16,1,Discovery Day
2032,9,6,1,Labour Day
2032,10,11,1,Thanksgiving
2032,11,11,4,Armistice Day
2032,11,11,4,Remembrance Day
2032,12,25,6,Christmas Day
2032,12,26,0,St. Stephen's Day
2033,1,1,6,New Year's Day
2033,2,14,1,Family Day
2033,2,21,1,Louis Riel Day
2033,2,21,1,Islander Day
2033,2,21,1,Family Day
2033,2,21,1,Heritage Day
2033,3,17,4,Saint Patrick's Day
2033,4,15,5,Good Friday
2033,4,18,1,Easter Monday
2033,4,23,6,Saint George's Day
2033,5,23,1,National Patriots' Day
2033,5,23,1,Victoria Day
2033,6,21,2,National Aboriginal Day
2033,6,24,5,Discovery Day
2033,7,1,5,Canada Day
2033,7,12,2,Orangemen's Day
2033,8,1,1,Civic Holiday
2033,8,1,1,Heritage Day
2033,8,1,1,New Brunswick Day
2033,8,1,1,Natal Day
2033,8,15,1,Gold Cup Parade Day
2033,8,15,1,Discovery Day
2033,9,5,1,Labour Day
2033,10,10,1,Thanksgiving
2033,11,11,5,Armistice Day
2033,11,11,5,Remembrance Day
2033,12,25,0,Christmas Day
2033,12,26,1,St. Stephen's Day
2034,1,1,0,New Year's Day
2034,2,13,1,Family Day
2034,2,20,1,Louis Riel Day
2034,2,20,1,Islander Day
2034,2,20,1,Family Day
2034,2,20,1,Heritage Day
2034,3,17,5,Saint Patrick's Day
2034,4,7,5,Good Friday
2034,4,10,1,Easter Monday
2034,4,23,0,Saint George's Day
2034,5,22,1,National Patriots' Day
2034,5,22,1,Victoria Day
2034,6,21,3,National Aboriginal Day
2034,6,24,6,Discovery Day
2034,7,1,6,Canada Day
2034,7,12,3,Orangemen's Day
2034,8,7,1,Civic Holiday
2034,8,7,1,Heritage Day
2034,8,7,1,New Brunswick Day
2034,8,7,1,Natal Day
2034,8,21,1,Gold Cup Parade Day
2034,8,21,1,Discovery Day
2034,9,4,1,Labour Day
2034,10,9,1,Thanksgiving
2034,11,11,6,Armistice Day
2034,11,11,6,Remembrance Day
2034,12,25,1,Christmas Day
2034,12,26,2,St. Stephen's Day